Epoch,Learning rate,Training loss,Testing loss,RANS loss,BC loss,Sample loss
0.000000000000000000e+00,1.000000000000000048e-04,3.138124443622533818e+03,1.693386360783818532e+02,3.342691015625000261e+00,1.232658505439758329e-01,1.814565741000225785e+01
4.900000000000000000e+01,1.000000000000000048e-04,2.896115051112953552e+03,1.592813530410170699e+02,7.894375000000000853e+01,1.164913892745971791e-01,1.726032604766644951e+01
9.800000000000000000e+01,1.000000000000000048e-04,2.890117350788430485e+03,1.584278243616621182e+02,9.287010625000000630e+01,1.164800405502319364e-01,1.717864943824701740e+01
1.470000000000000000e+02,1.000000000000000048e-04,2.885475553418729760e+03,1.581749707768162807e+02,9.177570000000000050e+01,1.165569901466369657e-01,1.714676085646536308e+01
1.960000000000000000e+02,1.000000000000000048e-04,2.878939076602964633e+03,1.578481404633968737e+02,9.137709999999999866e+01,1.164852380752563477e-01,1.710517874634905411e+01
2.450000000000000000e+02,1.000000000000000048e-04,2.871124990850784343e+03,1.571277587910868476e+02,8.728486250000000268e+01,1.160799741744995145e-01,1.702348397326581875e+01
2.940000000000000000e+02,1.000000000000000048e-04,2.857816996466472574e+03,1.563400870199323265e+02,8.259574374999999691e+01,1.151715874671936091e-01,1.692520327246137057e+01
3.430000000000000000e+02,1.000000000000000048e-04,2.835446858843463360e+03,1.554878117858711732e+02,7.541486249999999814e+01,1.135334014892578208e-01,1.681145347195411688e+01
3.920000000000000000e+02,1.000000000000000048e-04,2.803777964239508947e+03,1.541068609809701684e+02,6.236001250000000340e+01,1.102637529373168973e-01,1.663005906243268939e+01
4.410000000000000000e+02,1.000000000000000048e-04,2.753513819502910337e+03,1.520272285229208933e+02,4.708454687500000091e+01,1.042900443077087458e-01,1.634385177125819411e+01
4.900000000000000000e+02,1.000000000000000048e-04,2.676076483098572680e+03,1.486217874430457186e+02,4.403622187500000251e+01,1.020481944084167536e-01,1.594266519464501997e+01
5.390000000000000000e+02,1.000000000000000048e-04,2.669249352580308368e+03,1.484290903847043239e+02,5.371166250000000275e+01,1.012260913848876953e-01,1.591495249250158395e+01
5.880000000000000000e+02,1.000000000000000048e-04,2.667709820101387777e+03,1.484335968257599063e+02,5.410604375000000488e+01,1.016282916069030789e-01,1.590836880823034427e+01
6.370000000000000000e+02,1.000000000000000048e-04,2.666137917228028073e+03,1.472858286183042651e+02,4.923229375000000374e+01,1.031580448150634793e-01,1.578667339844774986e+01
6.860000000000000000e+02,1.000000000000000048e-04,2.665278593303126854e+03,1.482774168155235373e+02,5.048725625000000150e+01,1.032183170318603516e-01,1.588072012313602421e+01
7.350000000000000000e+02,1.000000000000000048e-04,2.664280296071425710e+03,1.480072017321036526e+02,4.929748750000000257e+01,1.043308615684509361e-01,1.585162913068057833e+01
7.840000000000000000e+02,1.000000000000000048e-04,2.663273184197908449e+03,1.471454916283795740e+02,4.798762500000000131e+01,1.059648513793945424e-01,1.576684563188949362e+01
8.330000000000000000e+02,1.000000000000000048e-04,2.662531348061276276e+03,1.470365006403429788e+02,4.849766250000000412e+01,1.072206854820251520e-01,1.575466360523404319e+01
8.820000000000000000e+02,1.000000000000000048e-04,2.661325384784811376e+03,1.469633473309083911e+02,4.892736250000000098e+01,1.089827418327331543e-01,1.574504347298352869e+01
9.310000000000000000e+02,1.000000000000000048e-04,2.659973396829249850e+03,1.468650263788246662e+02,4.916722187500000274e+01,1.110045313835144043e-01,1.573180206668951087e+01
9.800000000000000000e+02,1.000000000000000048e-04,2.658806377797159257e+03,1.466870574644659371e+02,4.934694375000000122e+01,1.134262561798095731e-01,1.571161334644865626e+01
1.029000000000000000e+03,9.000000000000000567e-05,2.657580624356360204e+03,1.463854599535965804e+02,4.927696250000000333e+01,1.160509467124938993e-01,1.567914242341145226e+01
1.078000000000000000e+03,9.000000000000000567e-05,2.656213367938116335e+03,1.460016344073285381e+02,4.938481562500000166e+01,1.191925406455993652e-01,1.564056144629094902e+01
1.127000000000000000e+03,9.000000000000000567e-05,2.654568698027479059e+03,1.458283463193099863e+02,4.866955000000000098e+01,1.223418474197387751e-01,1.561791711041435704e+01
1.176000000000000000e+03,9.000000000000000567e-05,2.652993844858563534e+03,1.455896003780270007e+02,4.814746562500000238e+01,1.261142253875732477e-01,1.558880960415629602e+01
1.225000000000000000e+03,9.000000000000000567e-05,2.650879637590268885e+03,1.451733013521427438e+02,4.798282500000000539e+01,1.309911489486694502e-01,1.554382072309796037e+01
1.274000000000000000e+03,9.000000000000000567e-05,2.648676532802872316e+03,1.446957174625548532e+02,4.731708125000000109e+01,1.369254589080810547e-01,1.549152135187752144e+01
1.323000000000000000e+03,9.000000000000000567e-05,2.646284020627603240e+03,1.442189129881141412e+02,4.659439687500000105e+01,1.442018985748290960e-01,1.543665510772854077e+01
1.372000000000000000e+03,9.000000000000000567e-05,2.642393417972763018e+03,1.435951645823591605e+02,4.565673437499999920e+01,1.539383888244628962e-01,1.536817155712025240e+01
1.421000000000000000e+03,9.000000000000000567e-05,2.638912980442893968e+03,1.438310903756511152e+02,4.500906562500000518e+01,1.649988293647766113e-01,1.537709044634454791e+01
1.470000000000000000e+03,9.000000000000000567e-05,2.633043302846956522e+03,1.422015085577042726e+02,4.124045625000000115e+01,1.805668830871582087e-01,1.520427754126605535e+01
1.519000000000000000e+03,9.000000000000000567e-05,2.625904178560795572e+03,1.418831720623694821e+02,4.071723125000000465e+01,1.992470979690551813e-01,1.515905596051765514e+01
1.568000000000000000e+03,9.000000000000000567e-05,2.616450545472981503e+03,1.413185873633363201e+02,3.908033125000000041e+01,2.243430376052856501e-01,1.508741162524101753e+01
1.617000000000000000e+03,9.000000000000000567e-05,2.604297306168032719e+03,1.409615921809139536e+02,3.851489062499999960e+01,2.573424577713012695e-01,1.503248175132548958e+01
1.666000000000000000e+03,9.000000000000000567e-05,2.591264966021445161e+03,1.404108969771355646e+02,3.897745312500000381e+01,3.004053115844727007e-01,1.496641408604327061e+01
1.715000000000000000e+03,9.000000000000000567e-05,2.580952070003360404e+03,1.400221262872487955e+02,4.206018750000000495e+01,3.467049598693847656e-01,1.491881862995064800e+01
1.764000000000000000e+03,9.000000000000000567e-05,2.573236548052243961e+03,1.398896158702293349e+02,4.273648437500000341e+01,3.893645286560059038e-01,1.489198779285445440e+01
1.813000000000000000e+03,9.000000000000000567e-05,2.568590167311549521e+03,1.397190930426648947e+02,4.834924062500000019e+01,4.340860366821289174e-01,1.488171077117969610e+01
1.862000000000000000e+03,9.000000000000000567e-05,2.564568351105815054e+03,1.391534838397024032e+02,4.770581250000000040e+01,4.751608371734619141e-01,1.482551772284032054e+01
1.911000000000000000e+03,9.000000000000000567e-05,2.560504316579639635e+03,1.389135902727089160e+02,4.723247187500000166e+01,5.151190280914307307e-01,1.480284271155305298e+01
1.960000000000000000e+03,9.000000000000000567e-05,2.557673687875043925e+03,1.388675874883759604e+02,4.804757500000000192e+01,5.565906524658202903e-01,1.480335771242470599e+01
2.009000000000000000e+03,8.100000000000000375e-05,2.553480516114805141e+03,1.390326450719659590e+02,4.667471250000000538e+01,5.964349269866943137e-01,1.481910588708250742e+01
2.058000000000000000e+03,8.100000000000000375e-05,2.550372543484264497e+03,1.388179206067133862e+02,4.635239687500000372e+01,6.376275539398194026e-01,1.480075678143437123e+01
2.107000000000000000e+03,8.100000000000000375e-05,2.547241426457030684e+03,1.385141908059468960e+02,4.450696874999999864e+01,6.800366878509521706e-01,1.477059647454944269e+01
2.156000000000000000e+03,8.100000000000000375e-05,2.544076656932513288e+03,1.384174471714245271e+02,4.425564375000000439e+01,7.253339290618896484e-01,1.476363858419540342e+01
2.205000000000000000e+03,8.100000000000000375e-05,2.541249858450233660e+03,1.384074556914238201e+02,4.439352187500000468e+01,7.731700420379639116e-01,1.476430024735618929e+01
2.254000000000000000e+03,8.100000000000000375e-05,2.537959657114302445e+03,1.381024091321449703e+02,4.287918125000000202e+01,8.248836517333985041e-01,1.473405224756197107e+01
2.303000000000000000e+03,8.100000000000000375e-05,2.535162014067760538e+03,1.382281112459446319e+02,4.292726250000000476e+01,8.779256820678711382e-01,1.474788353368047211e+01
2.352000000000000000e+03,8.100000000000000375e-05,2.531624224824282919e+03,1.377606018242620678e+02,4.158563437500000504e+01,9.343117713928222878e-01,1.470034748940890168e+01
2.401000000000000000e+03,8.100000000000000375e-05,2.528722179061349834e+03,1.373584610767408947e+02,4.107524374999999850e+01,9.931592941284179688e-01,1.466219232094686120e+01
2.450000000000000000e+03,8.100000000000000375e-05,2.525854075015270155e+03,1.371488076155622764e+02,4.054398125000000164e+01,1.052300548553466886e+00,1.464085218299802627e+01
2.499000000000000000e+03,8.100000000000000375e-05,2.523082271379555550e+03,1.367862653325423992e+02,4.006150625000000076e+01,1.114988422393798917e+00,1.460592989334576863e+01
2.548000000000000000e+03,8.100000000000000375e-05,2.520436437423893494e+03,1.366701209973829805e+02,3.988094687499999935e+01,1.176162338256836026e+00,1.459264531267782594e+01
2.597000000000000000e+03,8.100000000000000375e-05,2.517532210242010024e+03,1.363562939815168704e+02,3.932585312500000185e+01,1.239509773254394709e+00,1.456027247641333133e+01
2.646000000000000000e+03,8.100000000000000375e-05,2.515070422251709260e+03,1.361579850076751939e+02,3.877465000000000117e+01,1.302313804626464844e+00,1.453939722071522489e+01
2.695000000000000000e+03,8.100000000000000375e-05,2.512757409444714995e+03,1.359897837633016024e+02,3.866617187500000341e+01,1.364134025573730646e+00,1.452203417109225647e+01
2.744000000000000000e+03,8.100000000000000375e-05,2.510675458585330034e+03,1.357396728139130460e+02,3.830093437500000420e+01,1.426099395751953214e+00,1.449526898831901889e+01
2.793000000000000000e+03,8.100000000000000375e-05,2.508592752366581863e+03,1.355555801596758272e+02,3.834098437500000500e+01,1.487041282653808638e+00,1.447663068367807071e+01
2.842000000000000000e+03,8.100000000000000375e-05,2.506679996742679123e+03,1.350853815466825836e+02,3.787008124999999836e+01,1.550340175628662109e+00,1.442837478920447225e+01
2.891000000000000000e+03,8.100000000000000375e-05,2.504896850972867924e+03,1.348721616979547377e+02,3.789121250000000174e+01,1.607532691955566584e+00,1.440564511058245500e+01
2.940000000000000000e+03,8.100000000000000375e-05,2.503208867464517880e+03,1.348255474030940491e+02,3.790688125000000497e+01,1.662652969360351562e+00,1.439961697852855949e+01
2.989000000000000000e+03,8.100000000000000375e-05,2.501228485648128753e+03,1.347517807914024104e+02,3.824972187499999876e+01,1.712301063537597701e+00,1.439006175577507740e+01
3.038000000000000000e+03,7.290000000000001015e-05,2.500139459706500020e+03,1.345675859893550808e+02,3.812725312500000285e+01,1.762395095825195490e+00,1.437081608936523480e+01
3.087000000000000000e+03,7.290000000000001015e-05,2.498798959418049890e+03,1.345275319901184332e+02,3.784640937500000035e+01,1.807675933837890714e+00,1.436539664497968971e+01
3.136000000000000000e+03,7.290000000000001015e-05,2.497594755354409244e+03,1.343300298730725331e+02,3.794239062500000159e+01,1.855757713317871094e+00,1.434486479327409825e+01
3.185000000000000000e+03,7.290000000000001015e-05,2.496465467630606327e+03,1.340302396781353025e+02,3.775170625000000513e+01,1.901992034912109553e+00,1.431440353671503196e+01
3.234000000000000000e+03,7.290000000000001015e-05,2.495014505586168070e+03,1.339495264519214004e+02,3.773323125000000289e+01,1.944240188598632901e+00,1.430470826202407153e+01
3.283000000000000000e+03,7.290000000000001015e-05,2.494272146750014599e+03,1.337249232966369732e+02,3.750945624999999950e+01,1.987462615966796964e+00,1.428116170776773508e+01
3.332000000000000000e+03,7.290000000000001015e-05,2.493332416972568353e+03,1.334873685897452447e+02,3.725765000000000526e+01,2.030238533020019442e+00,1.425599509914579954e+01
3.381000000000000000e+03,7.290000000000001015e-05,2.492354978291081352e+03,1.334370313537540369e+02,3.731128125000000040e+01,2.069660949707031516e+00,1.425051201949457358e+01
3.430000000000000000e+03,7.290000000000001015e-05,2.491640629261023605e+03,1.331632534606949605e+02,3.697433437500000508e+01,2.111597251892090021e+00,1.422147755557882753e+01
3.479000000000000000e+03,7.290000000000001015e-05,2.490251532583770768e+03,1.331362390859628988e+02,3.702360625000000027e+01,2.148440170288086204e+00,1.421772267271597201e+01
3.528000000000000000e+03,7.290000000000001015e-05,2.489571625162325745e+03,1.332549569328756718e+02,3.695961249999999865e+01,2.183198738098144798e+00,1.422848395608976091e+01
3.577000000000000000e+03,7.290000000000001015e-05,2.488761797538786141e+03,1.329769958792586237e+02,3.698107500000000414e+01,2.223102760314941584e+00,1.420021644149971429e+01
3.626000000000000000e+03,7.290000000000001015e-05,2.488114807201954136e+03,1.329100960123259370e+02,3.696995625000000274e+01,2.259353828430175959e+00,1.419212757172280703e+01
3.675000000000000000e+03,7.290000000000001015e-05,2.487482635794008274e+03,1.328020236205703384e+02,3.662207500000000238e+01,2.295750808715820490e+00,1.418043480850388249e+01
3.724000000000000000e+03,7.290000000000001015e-05,2.486858411337378129e+03,1.326671801098742662e+02,3.681747500000000173e+01,2.332214927673339933e+00,1.416601606781092748e+01
3.773000000000000000e+03,7.290000000000001015e-05,2.486538046702277825e+03,1.325757842197278364e+02,3.678714374999999848e+01,2.367818641662597923e+00,1.415589665020042176e+01
3.822000000000000000e+03,7.290000000000001015e-05,2.485688922093047495e+03,1.324316427352692358e+02,3.665027187500000139e+01,2.403655433654785512e+00,1.414128044396266048e+01
3.871000000000000000e+03,7.290000000000001015e-05,2.485208256070474363e+03,1.324311842979992377e+02,3.671363750000000437e+01,2.438022994995117543e+00,1.414073291888681538e+01
3.920000000000000000e+03,7.290000000000001015e-05,2.484714695668076274e+03,1.322597641124668826e+02,3.656945000000000334e+01,2.473442649841308683e+00,1.412284372920276354e+01
3.969000000000000000e+03,7.290000000000001015e-05,2.484306679047601392e+03,1.322712086426498672e+02,3.642905000000000371e+01,2.505949783325195579e+00,1.412274411710014910e+01
4.018000000000000000e+03,6.561000000000001726e-05,2.483806115272812349e+03,1.321585556372000951e+02,3.636456562500000445e+01,2.538924407958984553e+00,1.411094305855483810e+01
4.067000000000000000e+03,6.561000000000001726e-05,2.483630787292322566e+03,1.320088534407905740e+02,3.647323125000000488e+01,2.570408248901367543e+00,1.409512375902819237e+01
4.116000000000000000e+03,6.561000000000001726e-05,2.483229169358377931e+03,1.320327792946853833e+02,3.636618437500000312e+01,2.599657440185547230e+00,1.409652422564666807e+01
4.165000000000000000e+03,6.561000000000001726e-05,2.482791132762650705e+03,1.318269963859881386e+02,3.639503750000000082e+01,2.631403350830078480e+00,1.407447903140402801e+01
4.214000000000000000e+03,6.561000000000001726e-05,2.482161645510524977e+03,1.317332412390626359e+02,3.632213437500000452e+01,2.662784576416015625e+00,1.406386034196855661e+01
4.263000000000000000e+03,6.561000000000001726e-05,2.482028347768184176e+03,1.316252429375396105e+02,3.623255937500000101e+01,2.694141197204590110e+00,1.405184427996542595e+01
4.312000000000000000e+03,6.561000000000001726e-05,2.481452792250373477e+03,1.317761782330165090e+02,3.628186250000000257e+01,2.721810722351074574e+00,1.406577708796703519e+01
4.361000000000000000e+03,6.561000000000001726e-05,2.481063346353859743e+03,1.315593380315491459e+02,3.597803125000000080e+01,2.756026649475098012e+00,1.404320882138686244e+01
4.410000000000000000e+03,6.561000000000001726e-05,2.480673504356214835e+03,1.315538166112348222e+02,3.603827187499999951e+01,2.786431121826172141e+00,1.404108057411166932e+01
4.459000000000000000e+03,6.561000000000001726e-05,2.480329052860194224e+03,1.314637142875423592e+02,3.596313750000000198e+01,2.817811965942382812e+00,1.403062063194172460e+01
4.508000000000000000e+03,6.561000000000001726e-05,2.479785376974792598e+03,1.311413746978134327e+02,3.566021250000000009e+01,2.855064010620117276e+00,1.399782867414974241e+01
4.557000000000000000e+03,6.561000000000001726e-05,2.479589978824598347e+03,1.310847770254635236e+02,3.539255937500000471e+01,2.887045478820800870e+00,1.399086300753859646e+01
4.606000000000000000e+03,6.561000000000001726e-05,2.479165765122275388e+03,1.310214124183360411e+02,3.527265312500000505e+01,2.920642089843750178e+00,1.398385635329348275e+01
4.655000000000000000e+03,6.561000000000001726e-05,2.478623337542881018e+03,1.311131729245330177e+02,3.539958750000000265e+01,2.949751663208008079e+00,1.399089287330938447e+01
4.704000000000000000e+03,6.561000000000001726e-05,2.478118053385455823e+03,1.307303129056670628e+02,3.503865312500000329e+01,2.988369560241699308e+00,1.395211793984358728e+01
4.753000000000000000e+03,6.561000000000001726e-05,2.477735873521419308e+03,1.308729588346921560e+02,3.496754375000000437e+01,3.018006134033203391e+00,1.396487133954687287e+01
4.802000000000000000e+03,6.561000000000001726e-05,2.477168223215289345e+03,1.306462513827105454e+02,3.455987499999999812e+01,3.053931427001953303e+00,1.394174229638019114e+01
4.851000000000000000e+03,6.561000000000001726e-05,2.476657961813438760e+03,1.305010485406776581e+02,3.430139687500000178e+01,3.087518310546875089e+00,1.392515717234074479e+01
4.900000000000000000e+03,6.561000000000001726e-05,2.476174802838027972e+03,1.303755432916216250e+02,3.406553437499999859e+01,3.119677162170410245e+00,1.391105737605439963e+01
4.949000000000000000e+03,6.561000000000001726e-05,2.475623853640161542e+03,1.303904258782380623e+02,3.391796562500000078e+01,3.150014114379882990e+00,1.391135572167218015e+01
4.998000000000000000e+03,6.561000000000001726e-05,2.475007785559368131e+03,1.300082902376178993e+02,3.338916875000000317e+01,3.184686470031738548e+00,1.387170028331748028e+01
5.047000000000000000e+03,5.904900000000001689e-05,2.474454217065595003e+03,1.299945469961455160e+02,3.305834062499999959e+01,3.211813735961914329e+00,1.386941653287046350e+01
5.096000000000000000e+03,5.904900000000001689e-05,2.474070708373563775e+03,1.297569961320551784e+02,3.266277187500000423e+01,3.237530136108398793e+00,1.384333103205346482e+01
5.145000000000000000e+03,5.904900000000001689e-05,2.473384056718100965e+03,1.297166695550646693e+02,3.241599062499999917e+01,3.258794784545898438e+00,1.383702667743886927e+01
5.194000000000000000e+03,5.904900000000001689e-05,2.472720513710854448e+03,1.295247820543281421e+02,3.190648437500000156e+01,3.284604644775390714e+00,1.381708957680362815e+01
5.243000000000000000e+03,5.904900000000001689e-05,2.472123327625884940e+03,1.293277495080977531e+02,3.147738125000000053e+01,3.304021072387695490e+00,1.379538205036529952e+01
5.292000000000000000e+03,5.904900000000001689e-05,2.471724400960099956e+03,1.291033501969083943e+02,3.107985312500000319e+01,3.322410583496093750e+00,1.377080375460158201e+01
5.341000000000000000e+03,5.904900000000001689e-05,2.470843431164223148e+03,1.290397143510032265e+02,3.055803437500000186e+01,3.337353897094726740e+00,1.376297764973072724e+01
5.390000000000000000e+03,5.904900000000001689e-05,2.469931642985275630e+03,1.289094262754805698e+02,3.004153125000000202e+01,3.347419738769531250e+00,1.374754791725361613e+01
5.439000000000000000e+03,5.904900000000001689e-05,2.469110369903268747e+03,1.286569313702821944e+02,2.943966562499999995e+01,3.356538772583007812e+00,1.372076456021372337e+01
5.488000000000000000e+03,5.904900000000001689e-05,2.468274998979645261e+03,1.285722565339830794e+02,2.891763750000000144e+01,3.363122940063476562e+00,1.370912265880196657e+01
5.537000000000000000e+03,5.904900000000001689e-05,2.467341550761714643e+03,1.282858891422260683e+02,2.811816875000000238e+01,3.367866516113281250e+00,1.367804629221127044e+01
5.586000000000000000e+03,5.904900000000001689e-05,2.466414039231423430e+03,1.282094652351020443e+02,2.755595937500000048e+01,3.367517852783203480e+00,1.366739304790097975e+01
5.635000000000000000e+03,5.904900000000001689e-05,2.465480294359817890e+03,1.279949568393412278e+02,2.696821562500000269e+01,3.365575408935546964e+00,1.364241803723888324e+01
5.684000000000000000e+03,5.904900000000001689e-05,2.464455691437986388e+03,1.276872638116716843e+02,2.619890468750000068e+01,3.360919570922851651e+00,1.360867974835404226e+01
5.733000000000000000e+03,5.904900000000001689e-05,2.463278825540205162e+03,1.277455762010904721e+02,2.565801250000000167e+01,3.347413253784179865e+00,1.360944988258108346e+01
5.782000000000000000e+03,5.904900000000001689e-05,2.462084733089734073e+03,1.270339914443817833e+02,2.442657343750000010e+01,3.345415878295898704e+00,1.353729605623750665e+01
5.831000000000000000e+03,5.904900000000001689e-05,2.460821218795015739e+03,1.269709472277775291e+02,2.368196718749999974e+01,3.331963348388672141e+00,1.352577534479262056e+01
5.880000000000000000e+03,5.904900000000001689e-05,2.459422896651748033e+03,1.270122914451709164e+02,2.308692343750000120e+01,3.310157775878906250e+00,1.352332609176214184e+01
5.929000000000000000e+03,5.904900000000001689e-05,2.457959956086931925e+03,1.266874076931073745e+02,2.195495312499999940e+01,3.303757476806640891e+00,1.348736547092697258e+01
5.978000000000000000e+03,5.904900000000001689e-05,2.456471911509961956e+03,1.262487912351977144e+02,2.087389062500000136e+01,3.292677688598633079e+00,1.343919297332162266e+01
6.027000000000000000e+03,5.314410000000001859e-05,2.454933388689485128e+03,1.262630190580805021e+02,2.010050937500000146e+01,3.277315521240234730e+00,1.343589339177589892e+01
6.076000000000000000e+03,5.314410000000001859e-05,2.453566175195266624e+03,1.259331701345911796e+02,1.908358593750000054e+01,3.268684387207031250e+00,1.339915105474851309e+01
6.125000000000000000e+03,5.314410000000001859e-05,2.452147039826831588e+03,1.258336375653264270e+02,1.815902499999999975e+01,3.255594635009765980e+00,1.338514111023729214e+01
6.174000000000000000e+03,5.314410000000001859e-05,2.450780264226259078e+03,1.256762526710381564e+02,1.722291718750000200e+01,3.243930816650390625e+00,1.336604728225695027e+01
6.223000000000000000e+03,5.314410000000001859e-05,2.449523883330397894e+03,1.251389848622878986e+02,1.610911250000000194e+01,3.235160064697265803e+00,1.330859845640747352e+01
6.272000000000000000e+03,5.314410000000001859e-05,2.448349923466331347e+03,1.243668266239188824e+02,1.496253125000000139e+01,3.231685638427734375e+00,1.323022210000438292e+01
6.321000000000000000e+03,5.314410000000001859e-05,2.447069445424484002e+03,1.246538460471319354e+02,1.440543593750000007e+01,3.208629989624023793e+00,1.325333272158061781e+01
6.370000000000000000e+03,5.314410000000001859e-05,2.445953639398175255e+03,1.242596436856085802e+02,1.357074687500000110e+01,3.197695350646972745e+00,1.321163706215594225e+01
6.419000000000000000e+03,5.314410000000001859e-05,2.445072829837847166e+03,1.238804111458024266e+02,1.273870468750000029e+01,3.184946250915527521e+00,1.317184987888168557e+01
6.468000000000000000e+03,5.314410000000001859e-05,2.444134064447125184e+03,1.234702190831264659e+02,1.199783437500000005e+01,3.170791053771973012e+00,1.312910318247574892e+01
6.517000000000000000e+03,5.314410000000001859e-05,2.443115661848723903e+03,1.233280107322360379e+02,1.140881484375000099e+01,3.150844764709472834e+00,1.311232485527151859e+01
6.566000000000000000e+03,5.314410000000001859e-05,2.442155285493397059e+03,1.234701673286568706e+02,1.096325546875000079e+01,3.124922561645508079e+00,1.312302542751377032e+01
6.615000000000000000e+03,5.314410000000001859e-05,2.441422766881793905e+03,1.232964100164617207e+02,1.043189843750000101e+01,3.103021049499512074e+00,1.310383376679655498e+01
6.664000000000000000e+03,5.314410000000001859e-05,2.440835395939936006e+03,1.234332318570581890e+02,1.004710546875000077e+01,3.074267768859863637e+00,1.311553999069379728e+01
6.713000000000000000e+03,5.314410000000001859e-05,2.440040471173705100e+03,1.229152635278279604e+02,9.499313281250000074e+00,3.053356742858886808e+00,1.306233813311496661e+01
6.762000000000000000e+03,5.314410000000001859e-05,2.439689579728659737e+03,1.228647904976460410e+02,9.153564062500000986e+00,3.024500274658203480e+00,1.305555137639525043e+01
6.811000000000000000e+03,5.314410000000001859e-05,2.439033767201698083e+03,1.227136347831571328e+02,8.765382031250000594e+00,2.995622634887695312e+00,1.303910662379790963e+01
6.860000000000000000e+03,5.314410000000001859e-05,2.438383231324599365e+03,1.224837231911261313e+02,8.392239843749999650e+00,2.967150878906250178e+00,1.301497926769548386e+01
6.909000000000000000e+03,5.314410000000001859e-05,2.438046489488013776e+03,1.224878642972511074e+02,8.128086718749999662e+00,2.933620643615722834e+00,1.301400444613024199e+01
6.958000000000000000e+03,5.314410000000001859e-05,2.437426510848899852e+03,1.223076538088290022e+02,7.832010156249999966e+00,2.902375984191894798e+00,1.299507020099275145e+01
7.007000000000000000e+03,4.782969000000002012e-05,2.437060686443523082e+03,1.219793730318086631e+02,7.495153125000000749e+00,2.872626686096191762e+00,1.296222682815628779e+01
7.056000000000000000e+03,4.782969000000002012e-05,2.436773757617662341e+03,1.223441932400142917e+02,7.407309375000000529e+00,2.835954093933105824e+00,1.299659075798494534e+01
7.105000000000000000e+03,4.782969000000002012e-05,2.436275976738760619e+03,1.221167328169802033e+02,7.170212500000000766e+00,2.807041168212890625e+00,1.297340390780116337e+01
7.154000000000000000e+03,4.782969000000002012e-05,2.436000114384914923e+03,1.219467168921768661e+02,6.943426562500000010e+00,2.776746177673340199e+00,1.295587790609394574e+01
7.203000000000000000e+03,4.782969000000002012e-05,2.435753016210559053e+03,1.215636197832824621e+02,6.673546093750000630e+00,2.749000167846679776e+00,1.291826450813286442e+01
7.252000000000000000e+03,4.782969000000002012e-05,2.435302012441368788e+03,1.217499688166636389e+02,6.578260156250000712e+00,2.713523483276367276e+00,1.293513337176650602e+01
7.301000000000000000e+03,4.782969000000002012e-05,2.435110571497971705e+03,1.214766017645011402e+02,6.399308984375000620e+00,2.684058761596679776e+00,1.290786906217032914e+01
7.350000000000000000e+03,4.782969000000002012e-05,2.434779927731206499e+03,1.214798410458844700e+02,6.271939062500000439e+00,2.650949859619140980e+00,1.290730539143742206e+01
7.399000000000000000e+03,4.782969000000002012e-05,2.434583047439143229e+03,1.215182362568801437e+02,6.170868359375000445e+00,2.617334938049316495e+00,1.291045261640715403e+01
7.448000000000000000e+03,4.782969000000002012e-05,2.434437832072848778e+03,1.210537073423530501e+02,5.941378906250000647e+00,2.590147781372070579e+00,1.286472985471972663e+01
7.497000000000000000e+03,4.782969000000002012e-05,2.434079013782120910e+03,1.211858545528831996e+02,5.900705078125000114e+00,2.555898857116699396e+00,1.287629755894639416e+01
7.546000000000000000e+03,4.782969000000002012e-05,2.433988324064037442e+03,1.213172878433996402e+02,5.860872265624999855e+00,2.522011947631836115e+00,1.288873155312646901e+01
7.595000000000000000e+03,4.782969000000002012e-05,2.433624084655731622e+03,1.211557294113325582e+02,5.729013671875000213e+00,2.491918754577636896e+00,1.287222408723411959e+01
7.644000000000000000e+03,4.782969000000002012e-05,2.433403992949370604e+03,1.208530111222295176e+02,5.587951562500000691e+00,2.463529777526855646e+00,1.284177287817095170e+01
7.693000000000000000e+03,4.782969000000002012e-05,2.433365991391711759e+03,1.207995738929591596e+02,5.515442187500000593e+00,2.434337615966796875e+00,1.283589599012355542e+01
7.742000000000000000e+03,4.782969000000002012e-05,2.433038946228236910e+03,1.207986522881898708e+02,5.452873437500000087e+00,2.404438972473144531e+00,1.283511087804625461e+01
7.791000000000000000e+03,4.782969000000002012e-05,2.432863970468130901e+03,1.206797848608900523e+02,5.351828515624999838e+00,2.375961685180663974e+00,1.282241534294240459e+01
7.840000000000000000e+03,4.782969000000002012e-05,2.432673302575872185e+03,1.207449801201654083e+02,5.319656640625000321e+00,2.346117210388183771e+00,1.282844913791918273e+01
7.889000000000000000e+03,4.782969000000002012e-05,2.432540334154254197e+03,1.207268201626255433e+02,5.254192578125000068e+00,2.318248558044433860e+00,1.282611663715610284e+01
7.938000000000000000e+03,4.782969000000002012e-05,2.432427415145014038e+03,1.205395751019965900e+02,5.140832812500000237e+00,2.293183326721191406e+00,1.280696538722935784e+01
7.987000000000000000e+03,4.782969000000002012e-05,2.432307587480814618e+03,1.206523278308240492e+02,5.141706250000000367e+00,2.265555381774902344e+00,1.281763349706319843e+01
8.036000000000000000e+03,4.304672100000002014e-05,2.432166285858354058e+03,1.203642261629608470e+02,5.016979687500000118e+00,2.243683624267578391e+00,1.278789781736863951e+01
8.085000000000000000e+03,4.304672100000002014e-05,2.431988455101821273e+03,1.200996376487264143e+02,4.931339843750000007e+00,2.222574615478515536e+00,1.276163033364003141e+01
8.134000000000000000e+03,4.304672100000002014e-05,2.431858448590843636e+03,1.202384890023358679e+02,4.885719140625000456e+00,2.199330520629882990e+00,1.277449034887439439e+01
8.183000000000000000e+03,4.304672100000002014e-05,2.431730026015046406e+03,1.201967578333562159e+02,4.832728906249999845e+00,2.177154731750488459e+00,1.276980713523486344e+01
8.232000000000000000e+03,4.304672100000002014e-05,2.431605756974934138e+03,1.201045162268770099e+02,4.773029687500000229e+00,2.156534004211426048e+00,1.276018675775717881e+01
8.281000000000000000e+03,4.304672100000002014e-05,2.431544131814086995e+03,1.202794493951912074e+02,4.798845312500000126e+00,2.133620834350586026e+00,1.277703394897076628e+01
8.330000000000000000e+03,4.304672100000002014e-05,2.431569382429419420e+03,1.199062233287649661e+02,4.666548828125000270e+00,2.116024971008300781e+00,1.273965748146831878e+01
8.379000000000000000e+03,4.304672100000002014e-05,2.431360275610863482e+03,1.199659904793005722e+02,4.629706640624999814e+00,2.093415069580078391e+00,1.274435484322405721e+01
8.428000000000000000e+03,4.304672100000002014e-05,2.431311171609608209e+03,1.200634254352573009e+02,4.624393359375000401e+00,2.071610260009765891e+00,1.275340966511434360e+01
8.477000000000000000e+03,4.304672100000002014e-05,2.431225827133560415e+03,1.201689613163857615e+02,4.608898828125000513e+00,2.050480651855469016e+00,1.276367106476186564e+01
8.526000000000000000e+03,4.304672100000002014e-05,2.431034948240293033e+03,1.197402390949555269e+02,4.467989062500000053e+00,2.033248710632324485e+00,1.272011241286417693e+01
8.575000000000000000e+03,4.304672100000002014e-05,2.430955684289986493e+03,1.199060894866497762e+02,4.479051562500000472e+00,2.012201499938965021e+00,1.273636705607393083e+01
8.624000000000000000e+03,4.304672100000002014e-05,2.430794669570329916e+03,1.195622628745311005e+02,4.369478125000000546e+00,1.994511413574218794e+00,1.270185363113382593e+01
8.673000000000000000e+03,4.304672100000002014e-05,2.430730867807296363e+03,1.197700386039245899e+02,4.369164843750000138e+00,1.972512245178222656e+00,1.272150623530494151e+01
8.722000000000000000e+03,4.304672100000002014e-05,2.430647981539030297e+03,1.196445512372670947e+02,4.298598828124999827e+00,1.953334999084472834e+00,1.270846151835674931e+01
8.771000000000000000e+03,4.304672100000002014e-05,2.430566683533257674e+03,1.194782405900524509e+02,4.232915625000000404e+00,1.933683586120605646e+00,1.269105954459250540e+01
8.820000000000000000e+03,4.304672100000002014e-05,2.430428956213540459e+03,1.194513946936446160e+02,4.193616015625000415e+00,1.914643669128418102e+00,1.268797786930199401e+01
8.869000000000000000e+03,4.304672100000002014e-05,2.430372057291860074e+03,1.194498878235450121e+02,4.151925781250000114e+00,1.894207763671875044e+00,1.268721243321987835e+01
8.918000000000000000e+03,4.304672100000002014e-05,2.430367433223953412e+03,1.194920675016818166e+02,4.134642968750000591e+00,1.872900199890136896e+00,1.269031940032324179e+01
8.967000000000000000e+03,4.304672100000002014e-05,2.430194340203635875e+03,1.193244701854466001e+02,4.059460937499999922e+00,1.855637168884277433e+00,1.267359182337212786e+01
9.016000000000000000e+03,3.874204890000001881e-05,2.430166021410105259e+03,1.193903137273249371e+02,4.048626171875000068e+00,1.835807037353515803e+00,1.267941220591763773e+01
9.065000000000000000e+03,3.874204890000001881e-05,2.430112408672500351e+03,1.194238725097401215e+02,4.025296484375000539e+00,1.818065261840820401e+00,1.268227522196399804e+01
9.114000000000000000e+03,3.874204890000001881e-05,2.430006467682346283e+03,1.193851873765056979e+02,3.990846093750000101e+00,1.801459312438964844e+00,1.267820779265199072e+01
9.163000000000000000e+03,3.874204890000001881e-05,2.429886459731808827e+03,1.192980318819907097e+02,3.940775000000000361e+00,1.783596038818359375e+00,1.266859836108864812e+01
9.212000000000000000e+03,3.874204890000001881e-05,2.429803853161633469e+03,1.190025995311974185e+02,3.856132812500000284e+00,1.768305778503417969e+00,1.263933032083506447e+01
9.261000000000000000e+03,3.874204890000001881e-05,2.429807139385130995e+03,1.192190014761322345e+02,3.869073046875000088e+00,1.749605178833007812e+00,1.265988133256978898e+01
9.310000000000000000e+03,3.874204890000001881e-05,2.429676624067989451e+03,1.190791559355300109e+02,3.809400781250000367e+00,1.733274650573730646e+00,1.264546931086208303e+01
9.359000000000000000e+03,3.874204890000001881e-05,2.429604254897345527e+03,1.189574726568950638e+02,3.749091406250000258e+00,1.716381645202636808e+00,1.263293709260631204e+01
9.408000000000000000e+03,3.874204890000001881e-05,2.429582967144116083e+03,1.191577692506926240e+02,3.777113671875000023e+00,1.697641754150390758e+00,1.265217905520132646e+01
9.457000000000000000e+03,3.874204890000001881e-05,2.429445928606960933e+03,1.188446264533032064e+02,3.685988671875000122e+00,1.682775306701660201e+00,1.262114849868940780e+01
9.506000000000000000e+03,3.874204890000001881e-05,2.429582271774486344e+03,1.188667246360711971e+02,3.661385546875000063e+00,1.664697265625000089e+00,1.262230191302487015e+01
9.555000000000000000e+03,3.874204890000001881e-05,2.429511071340021772e+03,1.191217246287819194e+02,3.691257421875000055e+00,1.644453430175781383e+00,1.264634783780907235e+01
9.604000000000000000e+03,3.874204890000001881e-05,2.429451993119053895e+03,1.191687458814320451e+02,3.694271484375000192e+00,1.628028869628906250e+00,1.265094796769014884e+01
9.653000000000000000e+03,3.874204890000001881e-05,2.429212124301875065e+03,1.187253344969195155e+02,3.555147265625000053e+00,1.614800453186035156e+00,1.260687382952461455e+01
9.702000000000000000e+03,3.874204890000001881e-05,2.429274148951357347e+03,1.186674222184809366e+02,3.528755078125000111e+00,1.598379230499267667e+00,1.260065641598569641e+01
9.751000000000000000e+03,3.874204890000001881e-05,2.429132095767831743e+03,1.188586363293925672e+02,3.544935546875000121e+00,1.579922771453857511e+00,1.261855872014929858e+01
9.800000000000000000e+03,3.874204890000001881e-05,2.429145214318496528e+03,1.189165382606479398e+02,3.541706640625000180e+00,1.563523769378662109e+00,1.262401710789494302e+01
9.849000000000000000e+03,3.874204890000001881e-05,2.429022389921135527e+03,1.186981272592343544e+02,3.465184375000000205e+00,1.548211956024170055e+00,1.260180974382178221e+01
9.898000000000000000e+03,3.874204890000001881e-05,2.428956747073398219e+03,1.186186535111471727e+02,3.428387109375000019e+00,1.531729984283447310e+00,1.259338551474765033e+01
9.947000000000000000e+03,3.874204890000001881e-05,2.428985793550241397e+03,1.187154065241218177e+02,3.433459374999999980e+00,1.514952468872070357e+00,1.260231817153251477e+01
9.996000000000000000e+03,3.874204890000001881e-05,2.428935182359344253e+03,1.186463678201096030e+02,3.402731640625000331e+00,1.499056434631347745e+00,1.259468781508098800e+01
